nitrogen,phosphorus,potassium,ph,ec,moisture,organic_matter,quality_score,fertility_level,suitable_crops
37.454011884736246,69.81617140197451,18.513292883861965,6.335868033112981,1.0468227349436239,82.7518922106303,6.72702994208898,47.2,Medium,"Rice, Soybeans, Cotton, Tomatoes, Potatoes, Carrots, Lettuce"
95.07143064099162,53.60963663441204,54.190094737835814,6.1563184493337895,0.9879151962879993,76.45277946547176,7.966813971913723,65.5,Medium,"Rice, Wheat, Corn, Soybeans, Cotton, Tomatoes, Potatoes, Carrots, Lettuce, Spinach"
73.1993941811405,30.952761628632775,87.29458358764083,4.115389296128961,3.6250183220841468,57.352895145557326,2.50467898792499,55.3,Medium,
59.86584841970366,81.37950197069486,73.22248864095612,5.535615224317704,0.9981847993980244,95.60471436119332,6.248740996069989,57.4,Medium,"Rice, Corn, Cotton, Tomatoes, Potatoes, Carrots"
15.601864044243651,68.47311725538793,80.65611478614497,5.710880284536357,1.087798904514524,20.04745155284028,5.717459831437487,53.6,Medium,"Corn, Cotton, Tomatoes, Carrots"
15.599452033620265,16.26169393448913,65.87833667107174,5.794702514036052,3.037593049671855,10.92642103096214,8.32830376788271,33.2,Low,"Corn, Tomatoes"
5.8083612168199465,91.09271844938425,69.22765645178525,6.610775661522995,1.79895936980216,85.39619669554222,9.060870604812605,53.6,Medium,"Rice, Corn, Soybeans, Cotton, Tomatoes, Carrots"
86.61761457749351,82.2537242923169,84.91956515653193,6.401211460270953,3.106842227820725,43.91498166337483,0.12156771477386807,75.4,High,"Wheat, Corn, Soybeans, Potatoes, Carrots, Lettuce, Spinach"
60.11150117432088,94.9799913291924,24.966800885918595,6.735572917570501,0.26146463025754096,84.69688542070605,6.740199190587926,59.1,Medium,"Rice, Wheat, Soybeans, Cotton, Tomatoes, Carrots, Lettuce, Spinach"
70.80725777960456,72.571950838836,48.942496364314046,7.441974676939577,1.9502847746935372,89.30902051954149,0.5183579911972902,50.3,Medium,"Rice, Wheat, Cotton, Spinach"
2.0584494295802447,61.34151959357899,22.120944181960223,7.658435824222421,0.13445440073313053,6.245759361907144,5.488586650773559,33.3,Low,Cotton
96.99098521619943,41.82430362906189,98.7668007996647,7.231553843019225,0.2506128138214181,88.34647629860606,2.876327290436782,65.9,Medium,"Rice, Wheat, Corn, Cotton, Spinach"
83.24426408004217,93.27284833540132,94.40593396866133,8.299856631797205,3.625749813377644,44.831905536942216,3.067765995221412,74.2,High,
21.233911067827616,86.60638895004084,3.94268113685059,4.082046622043627,0.5569814844703807,51.04324890042322,3.5295850345235658,49.9,Medium,
18.182496720710063,4.521867010618941,70.55751725156884,4.881000935575957,2.1296827291008684,62.659251109321026,6.212924490496102,41.3,Medium,Potatoes
18.34045098534338,2.6366974497252005,92.52483174156659,4.03403293740164,1.6443824104028262,92.63826067300867,3.340499656687692,30.6,Low,
30.42422429595377,37.64633668780496,18.057534512733355,6.913636213695714,1.3893733050353707,1.911609442976403,7.326990505902804,31.8,Low,"Cotton, Tomatoes, Carrots, Lettuce"
52.475643163223786,81.0553330781833,56.79452305526295,8.04113747027494,3.59933338274909,47.68434683178171,4.045273855738697,60.5,Medium,
43.194501864211574,98.72761293149445,91.54882975880419,5.095670334593347,0.087293587101958,68.77220424305607,0.6835320030995862,70.1,High,"Rice, Potatoes"
29.122914019804192,15.041689110352818,3.394597858579884,8.17165545158338,2.6551587447023564,72.27069576982285,7.837598424841072,27.6,Low,
61.18528947223795,59.41307153521351,69.742026724684,4.271203256303024,3.8535777368542017,69.2532431537108,2.85758324592706,50.4,Medium,
13.949386065204184,38.08908566310215,29.734900737255078,8.204962120624813,2.2406727338473678,13.443512940812186,4.3276687959926265,28.0,Low,
29.214464853521815,96.99143978146031,92.43961953765304,5.582302092578355,3.7472898481323673,29.93955883716812,6.8544388322190155,61.9,Medium,"Corn, Tomatoes, Carrots"
36.63618432936917,84.21189231357087,97.10582451653677,4.4563937280214745,0.20903151714409507,35.87155254170135,3.32456157148712,67.9,Medium,
45.606998421703594,83.83287047111378,94.42664891134339,6.186422916338465,1.6751732762966456,80.4437207679505,0.5658565614671562,62.7,Medium,"Rice, Wheat, Corn, Soybeans, Cotton, Potatoes, Carrots, Lettuce"
78.51759613930136,46.86931597949703,47.42142166574638,5.155494554742286,1.0406311638482046,27.875987241455302,3.739210470128136,55.9,Medium,
19.967378215835975,41.48195023376652,86.20426509893134,5.281928058828653,2.923283859922919,21.070496386720315,9.444485826943033,46.6,Medium,
51.42344384136116,27.340707193070624,84.45493985350704,5.382804842168289,3.9251883619889867,95.74480190380962,6.417343972985582,39.3,Low,"Rice, Potatoes"
59.24145688620425,5.6375496650927115,31.910047324325564,7.613616540246985,1.0261202497769912,0.88632851134689,6.71479148667207,32.1,Low,Cotton
4.645041271999773,86.47223762550531,82.89154741506773,6.426225745038645,2.616698405896298,99.78208556819781,6.322821536376399,46.2,Medium,"Rice, Corn, Soybeans, Cotton, Tomatoes, Potatoes, Carrots"
60.75448519014384,81.29010091300776,3.700763471549262,5.400884646202016,0.7923905310389605,67.68212988573956,1.989921389594368,52.7,Medium,"Rice, Potatoes"
17.052412368729154,99.97176732861305,59.6269878482053,6.746502024899133,2.2613210182864396,82.84692994491171,4.183338641022801,52.8,Medium,"Rice, Corn, Soybeans, Cotton, Tomatoes, Carrots"
6.505159298527952,99.66368370739053,23.000883728770305,7.222678034004371,1.8557299467533448,29.461939634619316,7.509397983633183,49.4,Medium,"Cotton, Tomatoes"
94.88855372533332,55.543170560262745,12.056688577727881,5.226808003300902,3.8880213185261483,1.4315277667059978,1.0137289755315915,35.0,Low,
96.56320330745594,76.89874151805105,7.695320162920916,5.860970956864081,2.4341090907858662,73.78695185615301,2.7785277608971226,55.1,Medium,"Rice, Cotton, Potatoes, Carrots"
80.83973481164611,94.47657298824281,69.62887758781397,4.548487420016264,1.3980254883472751,83.41445970006758,2.763191084658536,62.7,Medium,
30.46137691733707,84.96473906774115,33.98749637680661,4.815172072906061,0.4563831395517335,74.04761319535191,4.32018927594506,51.1,Medium,Potatoes
9.767211400638388,24.734810174319765,72.47667715287615,7.065030342842423,0.6049873149397382,14.285028730083859,9.803687409421851,43.6,Medium,"Corn, Cotton, Tomatoes"
68.42330265121569,45.05441353100935,6.535634079894237,4.816472564630321,0.9012677198049404,75.34279222569691,0.6750254668382194,41.8,Medium,Potatoes
44.01524937396013,12.915941515149498,31.529033783061035,6.363235226501771,1.003866645361192,76.8922782107641,5.1870099438059505,41.5,Medium,"Rice, Wheat, Cotton, Tomatoes, Potatoes, Lettuce"
12.203823484477883,95.40510272587224,53.949129237533725,7.190708177750947,3.4024642313645512,65.85405156700548,1.7936468201221045,51.1,Medium,"Rice, Corn"
49.51769101112702,60.617463445088006,79.07231648389636,4.4809461539263475,2.2448911531300997,76.61159327955862,9.706765454097441,55.3,Medium,
3.4388521115218396,22.864280550346272,31.875250293206992,6.5529049883300665,2.0935636454974658,84.59214396777321,1.133035047274642,27.7,Low,"Rice, Cotton"
90.9320402078782,67.17006844058567,62.58913764370091,5.154532526656137,0.4590754874768699,61.360411423745845,4.036010023615912,71.5,High,"Rice, Potatoes"
25.87799816000169,61.81282404578958,88.5977748236187,8.33317093856911,3.44055877339774,8.860471396967906,7.378849848346062,43.3,Medium,
66.2522284353982,35.81627180328405,61.58631881823046,6.175955410239661,2.891257212833935,48.76278096672109,7.045544280274453,62.5,Medium,"Wheat, Corn, Cotton, Tomatoes, Potatoes, Carrots, Lettuce, Spinach"
31.171107608941096,11.355759219962902,23.295947475363377,7.626966473988212,0.27067344760000633,7.764933467160507,4.227286368939323,29.2,Low,Cotton
52.00680211778108,67.15731955927996,2.440078155653802,6.476019439703178,2.8313403889190747,40.75430310324308,3.4652416795271823,50.1,Medium,"Wheat, Soybeans, Cotton, Tomatoes, Potatoes, Carrots, Lettuce, Spinach"
54.67102793432797,52.03077009037933,87.00988739009298,4.195356397846687,2.1741528693705843,40.71064891256276,3.9761237855287055,59.6,Medium,
18.485445552552704,77.23183917356393,2.126941085038714,6.8491811901731,0.326901382987113,6.600984414024158,2.642762631586393,36.5,Low,"Soybeans, Cotton, Carrots"
96.95846277645586,52.01635011119934,87.47016726841994,8.281315039929957,1.8332025661146258,34.88205339694793,2.053329387067998,67.4,Medium,
77.51328233611146,85.21815003185401,52.8937134027212,6.7072531906584905,1.938785148520188,11.099809879131485,4.8303969755889,59.5,Medium,"Wheat, Corn, Soybeans, Cotton, Tomatoes, Carrots, Lettuce, Spinach"
93.9498941564189,55.190683877448556,93.90676985128962,7.686349867420556,0.663098160653103,80.82352100092221,2.685337560676073,67.5,Medium,Cotton
89.48273504276489,56.093797153538624,79.87832357736654,7.9789290850678345,3.7827925880011293,94.76880259644707,2.874616648972501,49.7,Medium,
59.78999788110851,87.66536026583451,99.79341105333374,5.026358973770196,3.3999014859226477,7.231647525793861,6.56756063474557,57.7,Medium,
92.18742350231169,40.3482866212397,35.071181545171015,4.95420177958702,2.6760893493164333,95.51152072917014,9.685373316998922,43.8,Medium,Potatoes
8.84925020519195,13.401522845064074,76.71882889311269,6.749414449829462,1.8491822440024288,52.25765993367452,6.036372005593751,51.3,Medium,"Corn, Cotton, Tomatoes"
19.59828624191452,2.8782676313338973,40.193091360924214,5.849628114130171,1.647062166338034,29.95656779538739,0.7697946706496628,33.6,Low,Cotton
4.522728891053807,75.5137255673619,47.98756203039088,7.779375862900242,2.6038938686038167,7.686207527616351,0.7558361385406698,33.5,Low,Cotton
32.53303307632643,62.03095513534647,62.75054632183701,8.050104055291051,2.181727477627622,50.06242680704178,9.51423220845566,61.0,Medium,
38.8677289689482,70.40797680992236,87.36771141863387,5.5903962068622315,0.24909242352754246,79.45155444907486,2.9729079030733363,60.7,Medium,"Rice, Corn, Cotton, Potatoes, Carrots"
27.134903177389592,21.296416150891073,98.40834691992951,5.065917515385169,2.0500105950813268,70.70864772666981,0.9206698608247543,47.0,Medium,"Rice, Potatoes"
82.87375091519293,13.637147558676975,76.82734138645182,7.512364818597378,3.225614468931358,5.022601146397376,5.990445871503816,43.5,Medium,
35.67533266935893,1.4544665667881929,41.77667821673337,5.236627159966613,1.8369595103878322,7.290183536790352,6.236487782902661,28.3,Low,
28.093450968738075,35.058755880659696,42.13570022770702,7.701764433311553,0.20782631021707365,40.28732826326371,6.485048201186881,51.2,Medium,Cotton
54.26960831582485,58.991768685463306,73.75823015888915,5.906822141419433,3.1451127975361324,29.52904940479433,2.674020278575413,55.8,Medium,"Corn, Carrots"
14.092422497476264,39.22440450997323,23.877714576830233,7.003974546811618,0.8054551285438976,23.238432305604782,0.15110684214475034,36.1,Low,Cotton
80.21969807540397,43.747492202372904,11.047411313139467,4.429908912256007,1.034483339552155,28.10044989087136,9.650153694544718,49.2,Medium,
7.455064367977082,90.41586944937484,35.462215764077655,6.807366961044579,0.6588254137291836,80.34827432968846,2.508930456911025,48.1,Medium,"Rice, Soybeans, Cotton, Carrots"
98.68869366005173,34.82554670233004,28.723899165408174,6.032954554317531,1.3208602594859902,92.92280536318539,6.760262880525475,49.0,Medium,"Rice, Wheat, Cotton, Tomatoes, Potatoes, Carrots, Lettuce, Spinach"
77.22447692966574,51.39894891598108,29.630812045599008,6.639738084289633,3.02700602275454,40.510269452756646,7.0662986987870955,58.3,Medium,"Wheat, Soybeans, Tomatoes, Carrots, Lettuce, Spinach"
19.87156815341724,78.3653012741143,23.360775104990992,4.756063934851886,2.0775434380157494,90.61110021324971,6.100074170794857,35.5,Low,
0.5522117123602399,39.65427823212701,4.209318963636188,7.31593185224882,0.8195250966028502,32.1495701247882,3.129073942136482,33.6,Low,"Cotton, Tomatoes"
81.54614284548342,62.20867002278735,1.787393473341381,7.882586848944529,3.5113203126081634,47.64369863437916,2.7109625376406576,51.5,Medium,
70.68573438476172,86.23637087467452,98.77223897360315,4.975329100408491,3.5183274198061167,22.602899781599973,5.976682827027031,64.8,Medium,
72.90071680409874,94.9520623657642,42.77731337358623,4.430715499840728,3.4823137001840276,64.0476042175844,8.660956336116914,60.9,Medium,
77.12703466859458,14.707348092903793,38.432664715968166,4.106373637208514,0.9551848455261571,97.89811151748088,9.467337289233956,37.0,Low,
7.4044651734090365,92.65876251614944,67.96472826930699,6.888871751994698,1.8049573767239524,60.34930960433786,1.0590580440375763,59.2,Medium,"Rice, Corn, Soybeans, Cotton, Carrots"
35.84657285442726,49.21162930795382,21.825388786506416,6.7319231623995135,3.9399586245635003,35.78140841135489,1.5482861259771985,40.7,Medium,"Soybeans, Carrots, Lettuce"
11.586905952512971,25.824438829895836,94.99611839502253,6.4601383572133155,3.0880499052399615,64.78174459905284,9.447362587830796,52.3,Medium,"Rice, Corn, Tomatoes, Potatoes"
86.31034258755935,45.913575623826134,78.6345014415552,5.043761932521889,0.10866968490223927,12.292067846538757,7.365352283347926,61.2,Medium,
62.329812682755794,98.0032575285477,8.94110023122595,5.759076981574816,0.2608183650419682,88.86590802653987,8.829938248297731,54.8,Medium,"Rice, Cotton, Tomatoes, Potatoes, Carrots"
33.08980248526492,49.26180939928696,41.75807757849284,6.675143508337779,1.855725507249331,50.30839507798363,2.026326341353432,55.4,Medium,"Soybeans, Cotton, Carrots, Lettuce"
6.355835028602364,32.875161028750824,87.91183075621647,6.235450864866262,3.6368808234462406,44.93497420396421,5.875858711094018,51.3,Medium,"Corn, Tomatoes, Potatoes, Carrots"
31.09823217156622,63.34008543167258,94.47320222914102,8.445034840966994,2.154807191810857,58.58647884535192,7.011395944174737,61.6,Medium,
32.518332202674706,24.014561877819308,46.74015112498697,4.613978886505299,1.991250032137161,62.47838627894025,6.801118854469727,43.3,Medium,
72.96061783380641,7.586332810866391,61.34113892107077,7.1281504932141715,0.42189479982652234,7.177580622651303,4.081516908666981,45.3,Medium,"Wheat, Corn, Cotton, Tomatoes, Spinach"
63.75574713552131,12.887972191064922,16.70339460920752,5.819434456469315,2.627120418897176,68.26172212234025,0.15394891691308477,37.7,Low,"Rice, Cotton, Potatoes"
88.72127425763266,12.804583895777244,99.11686261369765,5.926898267165266,3.288412642400902,24.193168031552958,5.829260568042631,57.8,Medium,"Corn, Tomatoes"
47.22149251619493,15.190269351229436,23.16717013834434,7.229189945461793,1.5216800300302493,71.39526325065899,2.5310153917960876,38.7,Low,"Rice, Wheat, Cotton"
11.959424593830171,13.882717264941014,94.27317741351257,7.1159626809596634,3.10244740370131,82.25347943841967,4.502542461428903,38.6,Low,"Rice, Corn, Tomatoes"
71.3244787222995,64.08747448032146,64.96466489923685,8.460651971659846,3.8579066156032464,80.39585075525203,9.575810150838173,52.2,Medium,
76.07850486168974,18.188008439914483,60.773679487885914,4.577774302543563,0.8150658365107564,55.25009674078891,3.990353176424347,58.1,Medium,
56.127719756949624,34.56672833238632,51.26885110165086,4.4684934222287485,2.093318524778965,52.016989231075115,8.398016066644267,55.4,Medium,
77.0967179954561,89.67884099060119,23.06698117177587,7.259524677079336,1.1485518323383022,14.287596133941172,1.8854060574925113,54.5,Medium,"Wheat, Cotton, Spinach"
49.379559636439076,47.39616402628724,17.652803200550828,6.602741126528841,3.1714176761353574,77.53461504031355,6.724604980250288,41.9,Medium,"Rice, Wheat, Soybeans, Tomatoes, Carrots, Lettuce"
52.27328293819941,66.75577385210272,22.048620907017536,5.233722999519126,2.31037346352463,27.140938044671437,9.770069544389434,49.3,Medium,
42.75410183585496,17.231987120162984,18.643826214425452,4.35738716045044,2.538329670201215,49.669542281794655,1.018931008729368,38.1,Low,
2.541912674409519,19.228901880867078,77.95844735667534,4.385462123183937,3.1916566384635763,28.42740929275167,0.08319942227192012,31.8,Low,
10.789142699330444,4.086861626647886,35.01252591667301,8.023858935988532,1.5838818906498195,13.382836299969314,4.335827926326143,23.7,Low,
3.142918568673425,16.893506307216455,5.784267656339637,4.863402961234343,3.660360273628173,62.95576968917366,0.926254830513672,21.1,Low,Potatoes
63.64104112637804,27.85903390319586,96.91026301408114,5.455172029519844,2.13211546898456,5.4332034822903825,7.483843496762313,50.1,Medium,
31.435598107632668,17.70104842767468,88.37858849634257,5.0199538100214465,0.631819291341392,74.86452341262,9.14548663848559,51.0,Medium,"Rice, Potatoes"
50.85706911647028,8.87025337570556,92.77522831952129,5.5974833762437175,2.78359647267521,31.758679526111667,4.340209727087588,50.6,Medium,"Corn, Cotton, Tomatoes"
90.7566473926093,12.06358711006008,99.49078226464353,4.31240729235742,3.1730454017530176,0.013469300448532007,2.5871164215544096,42.3,Medium,
24.929222914887493,46.077876803272574,17.38952492194873,6.335769059087217,1.2670467082701067,51.11291392372298,4.344033190066098,50.6,Medium,"Soybeans, Cotton, Tomatoes, Potatoes, Carrots"
41.038292303562976,20.63337184057925,39.62420189026587,4.304256536164967,3.428717027995012,4.6851908527603126,7.2344781785000105,25.4,Low,
75.55511385430486,36.42698610480755,75.82384757040913,7.601604285200628,3.6245730190630656,27.616955782089946,0.09054161580370979,51.2,Medium,
22.879816549162246,50.34172708548569,69.60206180537922,5.0517043685969485,1.1076179495112357,70.69764874557161,5.894539894846972,51.0,Medium,"Rice, Potatoes"
7.697990982879299,69.03948286293652,15.389590633985506,6.430053615720298,3.9340858908608882,6.268962162186586,6.132916848873791,28.7,Low,"Soybeans, Tomatoes, Carrots"
28.9751452913768,3.9312139841098936,81.58331249906178,7.960355894026562,0.5628461121950337,83.93384923560023,6.376882468959355,41.6,Medium,Cotton
16.122128725400444,79.94103989090426,22.444057183666068,6.928948160712373,0.8080626736099599,0.3819922658583108,2.420220799808772,36.6,Low,"Soybeans, Cotton, Carrots"
92.96976523425731,62.79003894909078,22.38176148226231,6.398310039481009,0.7368993569521045,24.682386920190226,7.140527233781268,61.9,Medium,"Wheat, Soybeans, Cotton, Tomatoes, Carrots, Lettuce, Spinach"
80.8120379564417,8.17590319488719,53.69744228934136,5.45950188901919,3.5759588400314817,74.09040561520715,0.9139148633177641,42.2,Medium,"Rice, Potatoes"
63.34037565104234,87.35786241067773,59.293993484170315,5.498508608761891,2.6171702092998474,31.627014972930677,1.9927033646680081,61.1,Medium,
87.14605901877177,92.08724005318132,58.00862078378112,7.0126912983918555,0.6084171328890915,10.189238806601352,8.77470046654482,67.9,Medium,"Wheat, Corn, Cotton, Tomatoes, Spinach"
80.36720768991145,6.107795985486375,9.148683739775487,8.473627125495254,1.761293673473396,36.02339188004279,7.387231507265664,41.8,Medium,
18.657005888603585,27.687764814720374,87.74608626303804,6.978276354322204,2.461192100279208,27.039328638452552,0.1374555401134525,45.0,Medium,"Corn, Cotton"
89.25589984899777,80.62012797930613,26.560004258870606,6.510025378165112,0.33385633995753317,84.27119021605549,2.4837626036980023,61.0,Medium,"Rice, Wheat, Soybeans, Cotton, Carrots, Lettuce, Spinach"
53.93422419156507,74.82596903836584,12.951492128280417,7.2879272960766075,3.529665473629355,31.334791758514314,2.1440648299316454,45.6,Medium,"Wheat, Spinach"
80.74401551640625,18.45210193563773,88.87480798689772,6.093425255276731,3.2144141417661407,78.89324717760073,2.7080632803697258,53.1,Medium,"Rice, Wheat, Corn, Potatoes, Lettuce, Spinach"
89.60912999234932,20.93493233367103,95.56514982297534,4.270640541703534,2.020827094306553,89.18721448107347,2.475597702798864,50.1,Medium,
31.800347497186387,37.0472102791382,86.21276172654507,6.530335671450594,3.8685064610366817,43.381741957652956,0.6252629574284574,53.8,Medium,"Corn, Carrots, Lettuce"
11.005192452767677,48.45229851910213,80.95160747248781,8.309313780274211,1.6710439171003988,90.9943143854392,4.589405165968204,39.2,Low,
22.793516254194166,61.825477153029595,65.52419806390218,4.788863240609468,3.9364412761459913,37.73180539631929,7.327334747861651,48.7,Medium,
42.71077886262563,36.891363956977244,55.08573706091393,7.105022008692996,2.6716799952145083,96.40784164901082,6.067317247174364,37.8,Low,"Rice, Wheat, Corn, Cotton, Tomatoes"
81.80147659224932,46.25347161331479,8.698675991141014,4.904201598965754,2.538685093015766,8.928952452557294,6.728716685980798,38.1,Low,
86.07305832563435,74.74709381337566,40.845321307069874,6.411224580128866,0.66381958118314,68.70192665032427,0.8114917853623915,66.4,Medium,"Rice, Wheat, Soybeans, Cotton, Potatoes, Carrots, Lettuce, Spinach"
0.6952130531190703,3.66832028905979,37.2688517012314,4.435044023410239,3.527711033218576,49.38140404569287,9.514907101767871,32.5,Low,
51.07473025775657,25.243694434402077,25.97537837603262,6.026669213161833,1.7099587516824606,38.76488054556471,8.384918338430248,49.3,Medium,"Wheat, Cotton, Tomatoes, Lettuce, Spinach"
41.7411003148779,71.33495858845524,72.3420113688585,7.402734980028607,0.6489336231299174,63.27118787486009,8.050903184956628,66.4,Medium,"Rice, Wheat, Corn, Cotton, Tomatoes"
22.210781047073024,89.52068376871993,49.58757350787708,5.564071859075419,0.05043007990303616,70.38570916343312,8.229838050417674,60.2,Medium,"Rice, Cotton, Tomatoes, Potatoes, Carrots"
11.98653673336828,51.167744211566614,8.104621590764793,6.992102760192481,2.2390227345535303,0.43632696503090873,9.327105081327613,26.8,Low,"Soybeans, Cotton, Tomatoes, Carrots"
33.7615171403628,53.211348526531566,22.018320194981133,7.579524823553781,2.1095984884907053,16.69530887471987,5.442539661136977,37.5,Low,Cotton
94.29097039125192,10.717201133977605,68.32587636595959,8.172300187657537,2.8774144894766343,71.30460506343186,2.002820178676259,49.9,Medium,
32.320293202075526,44.741236682345466,7.613085949030019,5.055889368349541,3.5610322120712086,66.63854135782064,6.167836078525411,34.9,Low,"Rice, Potatoes"
51.87906217433661,53.261726645502314,85.12069140487687,5.796921621141887,0.3176263385721181,96.60475051286772,7.42881493667939,55.2,Medium,"Rice, Corn, Cotton, Tomatoes, Potatoes, Carrots"
70.30189588951778,24.247050363472965,49.51465270139743,4.685872059986878,2.9259859613614494,76.1037790250783,7.379173933540254,44.2,Medium,
36.3629602379294,26.924323094938096,48.0586577326648,8.466175759712687,0.7496477763903289,95.0772707731338,5.214490241668801,33.9,Low,
97.17820827209607,37.728416310462265,59.24077846595176,8.17150435565933,3.432708212628656,70.25405015348069,0.6845871933357806,52.5,Medium,
96.24472949421113,2.007119777772637,82.46809659251491,6.429807086262518,3.2762540554466244,29.805220863944314,3.7111293843012785,56.5,Medium,"Wheat, Corn, Tomatoes, Lettuce, Spinach"
25.178229582536417,32.20791655831783,34.780920790219305,7.7891498246938955,2.1631750199421775,10.536492225085647,9.207666084633573,32.8,Low,Cotton
49.72485058923854,21.144800699654464,67.80161525590636,6.34431089772419,2.840971194493246,78.18238633449356,5.84448909757426,46.7,Medium,"Rice, Wheat, Corn, Cotton, Tomatoes, Potatoes, Lettuce"
30.087830981676966,32.74973521779147,56.5731963995791,6.806135596012419,1.2574004527349936,64.4149221475916,5.383319432557134,51.6,Medium,"Rice, Corn, Cotton, Tomatoes, Carrots, Lettuce"
28.484049437746762,11.976213181925122,26.70282701694213,4.401059944522075,1.8846715957312585,4.818601239329623,2.688535143821935,20.5,Low,
3.6886947354532795,89.0527280739895,87.8629986355158,7.398716892235636,3.2865475908418866,36.005046590097834,3.684489199165789,56.3,Medium,"Corn, Tomatoes"
60.956433397989684,59.359245355404866,79.74260216069281,4.574710676358556,1.8370607886928556,95.67998154842861,8.953460891531693,50.8,Medium,
50.26790232288615,67.91023191444896,65.84518346584255,7.717304336136378,1.4311930613017672,50.04011457102012,6.664630475268357,67.9,Medium,Cotton
5.147875124998935,78.91712386073382,85.05817290942419,7.519126394516737,1.9768497890011996,43.272913601970465,7.873870267523328,61.9,Medium,Cotton
27.864646423661142,49.84421989290573,86.72942009598023,7.189351139843394,3.3129970097488735,45.7699605159294,4.543454230676551,58.0,Medium,"Corn, Tomatoes"
90.82658859666537,8.69202880874237,70.83629767150347,4.16272171236143,1.340832189483491,20.88827240051637,6.302472194561579,50.2,Medium,
23.95618906669724,53.71065418185478,83.7013328363672,5.364077601753978,0.6950463725429752,36.87071708647952,2.483836087432075,58.0,Medium,
14.48948720912231,58.68411180208791,69.74714616692836,5.184006564598793,2.848056081323123,36.98132559871766,7.054608302834863,50.7,Medium,
48.9452760277563,74.54394741843299,68.01407717603004,5.620613833621836,3.303912850832327,5.2355020187472405,4.276013337033373,46.6,Medium,"Corn, Tomatoes, Carrots"
98.56504541106007,43.16595462296794,61.86113782151843,4.394392360437274,0.4025499140941333,76.75676285179182,4.4254551481474556,60.0,Medium,
24.20552715115004,12.758030279556376,75.27166395576413,8.216310203639782,0.9594964510237789,41.6504431903879,6.493223245768816,49.7,Medium,
67.21355474058785,28.377590579872447,15.86051052930737,6.492110083205693,0.5678879590439756,82.21798868164232,9.362806214689266,47.6,Medium,"Rice, Wheat, Cotton, Tomatoes, Potatoes, Lettuce, Spinach"
76.16196153287176,36.30822963986351,88.08707591989284,5.374859397961106,1.3917656463286665,85.03480011198954,0.6400634660862092,54.6,Medium,"Rice, Potatoes"
23.763754399239968,64.59172413316013,87.1843527745232,5.786416826834275,1.8014039156216506,21.199405469865805,8.247432373470076,56.0,Medium,"Corn, Cotton, Tomatoes, Carrots"
72.82163486118596,57.077830466891186,2.9247283034559146,6.01241143227176,2.995305347853226,65.73534821701286,2.9238311041219314,47.7,Medium,"Rice, Wheat, Soybeans, Cotton, Potatoes, Carrots, Lettuce, Spinach"
36.77831327192532,35.60967258978462,82.58167505647627,6.702674500122778,2.6045903395266965,47.22818041629817,4.439194545063778,59.9,Medium,"Corn, Cotton, Tomatoes, Carrots, Lettuce"
63.23058305935795,98.65152487929797,12.886986747344519,6.32055742463424,2.4837142699137247,88.0156737921485,0.21913328775008956,48.0,Medium,"Rice, Wheat, Soybeans, Cotton, Potatoes, Carrots, Lettuce, Spinach"
63.35297107608947,60.577481935688716,33.51188542591419,8.137263879464879,1.4094997864386176,21.57406791764541,3.0104607783431305,48.1,Medium,
53.57746840747585,23.72267917359945,74.35082562916078,6.236335673076236,3.3657902123390397,67.78132003100443,5.026312426301304,51.4,Medium,"Rice, Wheat, Corn, Tomatoes, Potatoes, Lettuce, Spinach"
9.02897700544083,10.178247262040374,16.07598960483082,8.464711066704908,1.8851486695926583,60.775212225272256,0.5617607734743901,27.2,Low,
83.5302495589238,15.285913918433202,81.79670241190622,7.831412309852931,3.916419752060618,29.53014775718328,4.910957293831651,51.6,Medium,
32.07800649717358,24.595772838450813,83.21341779577419,4.938297314608011,2.5365685531829474,13.660090365117261,9.271106288584273,41.9,Medium,
18.651851039985424,16.06813732595557,50.746773376083624,8.187678465897623,0.5050589662580109,65.16397604772766,1.0539321810780522,40.1,Medium,
4.077514155476392,18.656702405130577,0.638587171683358,4.523648790484643,2.704710248301736,73.85974581323308,7.644407280755043,21.0,Low,
59.08929431882418,28.50951686938471,28.703813317491278,7.678523688210362,1.300416061726796,31.562734376335,4.096710533759927,46.0,Medium,Cotton
67.75643618422824,17.33735952947548,61.69269183757422,5.71280482064461,2.7453087867443897,64.48326040223138,6.55173714524338,52.5,Medium,"Rice, Corn, Cotton, Tomatoes, Potatoes"
1.6587828927856152,89.67654246264252,98.11861780274235,7.950884442002813,0.27856459264962297,39.51309076115032,2.6023659798522933,64.9,Medium,Cotton
51.2093058299281,8.023374566164222,63.18135270166684,7.906255105483527,0.6995257487038375,71.32068832826177,1.5949226254135829,45.7,Medium,Cotton
22.649577519793795,52.451138957025464,25.98035810641598,7.626664300529296,3.4229490356231453,19.92152748940531,1.6046261427122643,31.8,Low,
64.51727904094498,41.03968269896615,63.40057030996113,7.555136963381776,0.9087182280940596,89.02150026361744,0.7049194564314465,48.1,Medium,Cotton
17.436642900499145,98.23786169086064,53.99853797158555,5.371056125941184,3.34816450097176,28.74095964655797,1.8564670490124302,49.5,Medium,
69.09377381024659,11.203890216805235,77.98453951511436,4.3641367737306345,1.1171043538176417,36.77859877561529,6.642193849889683,55.5,Medium,
38.67353463005374,39.785559904574164,10.698063882695841,5.813410804443226,2.5715276402348306,5.8091952080349785,8.81690611843508,30.9,Low,"Cotton, Tomatoes, Carrots"
93.67299887367345,96.94704332753689,76.1027902502028,4.780860317439289,2.776602294039324,11.15122123212764,8.141256855911617,64.9,Medium,
13.752094414599325,86.55071258939803,54.12665786761103,7.127279900061078,2.0506190125802117,51.58619027123281,6.851343098744841,61.5,Medium,"Corn, Cotton, Tomatoes"
34.10663510502585,81.707207094928,96.29920038589947,5.557448769420035,1.2212427067869251,26.75926767279715,1.1043186341110267,62.8,Medium,"Corn, Cotton, Carrots"
11.347352124058908,25.790282704493983,34.187216603868606,8.390245903869616,0.8505775054843845,83.54802257421944,2.8918744629594983,29.3,Low,
92.46936182785628,17.088758739006582,63.26218931339481,6.884374348053994,0.13275741824970488,1.4693388654953843,3.0980687532246898,50.2,Medium,"Wheat, Corn, Cotton, Tomatoes, Lettuce, Spinach"
87.7339353380981,66.8643219924431,93.20281055100175,7.701162536354625,1.2157856049628952,37.90940486719362,2.4995694639762123,74.4,High,Cotton
25.79416277151556,92.93759891275857,10.250972799067926,4.596361027338318,2.612651162125132,33.73455467690927,5.150056597097231,44.5,Medium,
65.99840460341791,55.67628930139298,93.72284872364511,7.879065170226801,3.7532192737939307,1.9327630917601035,5.355538148796725,48.0,Medium,
81.72222002012158,57.161268946989985,68.78857223008133,8.152407357310274,3.484817929052208,12.436839900051023,3.568859751711102,49.6,Medium,
55.52008115994623,27.997909366028416,6.78370591051719,6.191778634685212,3.0642591061412103,41.36426749186353,3.53789158736436,42.6,Medium,"Wheat, Tomatoes, Potatoes, Lettuce, Spinach"
52.965057835600646,76.94929331919369,30.096356694681624,6.728138219879399,3.1537893730131947,49.28645844474466,8.285555979060813,62.2,Medium,"Wheat, Soybeans, Tomatoes, Carrots, Lettuce, Spinach"
24.18522909004517,18.704374855752338,70.81720886452815,7.44164410406348,2.659939613903981,40.42897472548691,7.892928483196856,48.2,Medium,"Corn, Cotton, Tomatoes"
9.310276780589922,32.367923640424365,6.73506014687717,4.786773822671856,1.041147430264012,53.093767841209385,3.0779583168074565,37.0,Low,
89.72157579533267,42.54364386164168,58.217046017627325,6.261547344085491,3.6287801228233194,59.51316749056815,9.137884438732593,64.1,Medium,"Wheat, Corn, Soybeans, Tomatoes, Potatoes, Carrots, Lettuce, Spinach"
90.04180571633304,50.7610378684455,34.588305695295674,5.793983624975409,2.682929247623336,0.992382112783563,9.52815017002506,46.4,Medium,"Cotton, Tomatoes, Carrots"
63.31014572732679,24.240973241508023,62.091551776747714,4.658682964730121,2.24176252392176,46.409515945350385,3.267425420300408,53.9,Medium,
33.90297910487007,11.483682473920354,4.5742033812512854,5.6539049003118915,0.4439578768539243,96.34992408875883,3.5442494879305486,24.4,Low,"Rice, Cotton, Tomatoes, Potatoes"
34.92095746126609,61.06200424416326,87.15368061523763,4.306775392234721,1.7882221752257017,51.90322801295487,5.056341534219588,62.3,Medium,
72.59556788702393,28.863055324025577,97.3488969177397,4.116153581272691,1.8414330848077052,67.75422674589532,9.411208125336735,60.6,Medium,
89.71102599525771,58.123822142261226,96.88778552856915,4.608248301196703,3.45825443809068,31.18638579168832,8.763194331423115,66.5,Medium,
88.70864242651173,15.436271527420232,74.96518317429248,8.334018002151282,2.186592880751154,77.39913781527625,1.025679625835898,49.4,Medium,
77.98755458576238,48.114010185481746,13.008624013063198,6.472882911527576,1.5216021958816386,77.2921481876115,3.927307432714162,49.9,Medium,"Rice, Wheat, Soybeans, Cotton, Tomatoes, Potatoes, Carrots, Lettuce, Spinach"
64.20316461542878,53.258943255158584,75.82631959290225,8.34619972518949,3.9072013140426374,52.129604765413895,5.533711897497718,60.2,Medium,
8.413996499504883,5.182353682242691,2.458691645880151,5.946240452485593,0.4428823733052627,97.60138232792136,5.0313247255154,18.7,Low,"Rice, Cotton, Tomatoes, Potatoes"
16.162871409461378,33.660427819392055,2.2123551528997254,5.403172598883668,1.6901937132477785,12.555021476265338,1.9386306793689267,23.6,Low,
89.85541885270793,13.441467693897424,32.36102191495412,6.277638382781099,0.16809870068562116,1.6947664889580993,8.588167711681546,46.0,Medium,"Wheat, Cotton, Tomatoes, Lettuce, Spinach"
60.642905965958995,6.337497047276774,48.864319040466576,5.977802598848095,2.9596164830677214,77.0158211757096,6.769407829968373,41.7,Medium,"Rice, Cotton, Tomatoes, Potatoes"
0.9197051616629648,98.99602323899452,77.04074178077931,4.475491079177847,3.6723062087966025,80.71555373648826,8.379083748518037,46.9,Medium,
10.147154286603211,32.235384497472296,68.32953766065052,6.883718416105928,1.1201493182019577,12.020722912057625,8.587642793494721,42.1,Medium,"Corn, Cotton, Tomatoes, Carrots"
66.35017691080559,80.98744458546349,44.590270637674834,4.972171821293198,3.4333667071964835,26.55828329586061,7.483558536657398,54.5,Medium,
0.5061583846218687,25.464065476376383,27.362666628166586,6.788145797040233,1.168872921847591,1.755236336662891,4.392106012497173,24.5,Low,"Cotton, Tomatoes"
16.080805141749867,68.15027222239293,99.71245001577111,6.9259049157916905,3.643080646575661,29.33086107805647,6.105467550154246,56.1,Medium,"Corn, Soybeans, Tomatoes, Carrots"
54.87337893665861,76.02278598896865,42.6181302235973,4.684111839078916,3.0158476143871358,77.31418739186715,1.6036540611974315,46.5,Medium,
69.18951976926932,59.56387406078443,45.13870243296755,4.276073321998007,3.2196271073657545,51.79605277125789,6.736454174749077,57.7,Medium,
65.19612595026005,47.15761885501584,16.362382119166917,7.513427137307979,0.072026222401818,34.80955931682881,1.7925325573928075,52.3,Medium,Cotton
22.42693094605598,41.18409141472685,79.48095487499293,6.069101906961941,3.851241428296104,37.17392949063303,6.939495905101568,50.9,Medium,"Corn, Soybeans, Tomatoes, Carrots"
71.2179221347536,34.88682665429953,69.36822257814886,4.261737079774641,2.906683968281293,0.1353625715468154,2.2959816075396864,37.3,Low,
23.724908749680008,92.95291442478259,22.07696127887604,8.476898427263952,1.2190043815445333,29.98005275652359,1.1755130015021997,46.2,Medium,
32.539969815926774,83.06194077877291,8.238104561584269,4.26001252448365,3.3175786594353878,64.64587416379305,1.6528449014295743,39.6,Low,
74.64914051180241,96.50269106665125,68.0499302074713,7.127658529863489,1.1260847936597198,97.41944438163571,0.01992135219070268,59.2,Medium,"Rice, Wheat, Corn, Cotton, Spinach"
64.96328990472146,12.429722348554472,65.45112142811352,8.42655516368536,3.491015358264512,84.70608269838995,7.187396178535303,38.7,Low,
84.9223410494178,73.08674752036443,27.32595269982093,5.076310468971665,0.45032156164774806,2.3594964645529126,7.324010490583791,51.3,Medium,
65.76128923003434,93.83404568210378,95.08635622504103,4.640122159092383,2.814743909843183,89.85606046748393,5.149333499132594,60.0,Medium,
56.830860333547164,18.123306616566015,15.105789178090024,4.54623222740093,2.1627939065796413,78.3198413298626,1.613628010553837,31.1,Low,
9.367476782809248,6.6496267366777495,43.23348010426019,5.36473816405418,0.38613788078176325,78.03761235709804,0.8355433751068975,31.5,Low,"Rice, Potatoes"
36.77158030594335,74.11206492900591,94.36159201675989,4.45470614954791,0.9675753130353559,45.79957590035715,0.1912896643728701,65.9,Medium,
26.520236768172545,57.44731131799119,41.97273169261223,7.114726037623594,0.04961614510925916,39.80052929545028,1.657481769652207,54.8,Medium,Cotton
24.398964337908357,84.1828776758272,63.85259476640856,4.280313091585282,1.8750718618580233,30.29157288331926,8.908555349831467,54.6,Medium,
97.30105547524455,13.97723766262895,39.75943979627943,6.292399576674054,1.2050610430400015,6.569485895436578,2.4153684170168175,45.4,Medium,"Wheat, Cotton, Lettuce, Spinach"
39.30977246667604,79.52673118598902,27.421520234867003,8.485135842338396,2.3934299371910353,22.82353634936991,3.542713272172157,43.1,Medium,
89.20465551771133,20.162732004774455,98.39776479598282,7.662866212777084,1.1889512308344687,24.66036349780246,1.0534548448133318,60.5,Medium,Cotton
63.11386259972629,16.36559428657045,40.9334006315043,6.768487472039549,1.1996764460279388,48.40770697102016,2.223613047481703,55.7,Medium,"Wheat, Cotton, Lettuce, Spinach"
79.48113035416485,16.426579793099293,89.40992036791344,5.378141293539753,2.9727727949264136,74.7444406596694,5.192245707802051,53.9,Medium,"Rice, Potatoes"
50.26370931051921,81.45747202313821,22.995460589108617,6.807531263312374,0.1925713439134138,47.38098283979466,6.077526830956526,66.5,Medium,"Wheat, Soybeans, Cotton, Tomatoes, Carrots, Lettuce, Spinach"
57.69038846263591,66.51972206962002,21.31047040250833,6.371686587602433,3.611579980767949,5.784444944716061,2.4535231416621106,38.1,Low,"Wheat, Soybeans, Carrots, Lettuce, Spinach"
49.25176938188639,52.30654247691193,3.113408288451136,5.917375227506671,3.409055497564726,95.77898009882038,0.5773215922511721,27.5,Low,"Rice, Potatoes, Carrots"
19.52429877980445,35.88304841235025,65.1666825375885,4.588196695330898,2.671218732905626,94.27243190941122,3.9103286912739863,30.8,Low,
72.24521152615053,87.72005408131082,36.852634372376116,7.9897189685821,2.372886280429537,78.51895431484084,2.342033709263341,53.7,Medium,Cotton
28.07723624408558,39.244510742263536,86.4358249839637,6.024030919695951,3.569209992558609,99.13279015642206,2.195539232298019,36.7,Low,"Rice, Corn, Potatoes, Carrots"
2.431596643145384,81.65994394715771,47.32099066915572,4.875801303193443,0.7413207181148578,54.448233280026294,9.598628027134552,57.4,Medium,Potatoes
64.54722959071678,43.91349085702184,96.81934279147217,5.654917078947803,0.31587664876331445,96.27683502532061,6.16300485925724,57.3,Medium,"Rice, Corn, Cotton, Tomatoes, Potatoes, Carrots"
17.711067940704893,37.69444294249076,18.552551570312115,5.863583886380171,0.9580406796381524,7.560504061675077,5.5687844317209585,31.1,Low,"Cotton, Tomatoes, Carrots"
94.04585843529144,46.26797856696064,86.86231679556109,7.723920530050934,3.178313114800761,36.568074826137135,4.157751035233219,65.6,Medium,
95.39285770025873,30.13778741641421,77.65968527917417,7.30126471252631,0.1386810669059333,22.538126800676583,4.289443334301443,64.1,Medium,"Wheat, Corn, Cotton, Tomatoes, Spinach"
91.48643902204485,74.76093801762511,77.0921844644052,7.461872021386029,2.3312273403339585,19.583308413427,5.4090500383808084,65.6,Medium,"Wheat, Corn, Cotton, Tomatoes, Spinach"
37.01587002554444,50.27203900924791,84.47832281168877,4.049640689928912,3.9817500647652397,14.08029488926761,6.964298070361073,41.1,Medium,
1.5456616528867428,23.22126951468173,76.10239909429988,5.872692991808927,3.4227843753501577,62.241364156599666,7.021460961818295,43.1,Medium,"Rice, Corn, Tomatoes, Potatoes"
92.83185625877253,89.95745732745685,62.62203216314154,6.166048682358957,2.085782756174358,78.1321855747305,1.7169390770544957,67.5,Medium,"Rice, Wheat, Corn, Soybeans, Cotton, Potatoes, Carrots, Lettuce, Spinach"
42.81841483173143,38.38912213732114,13.124487768238758,4.086365245703755,0.2545636371465694,57.82983994203607,5.0011275207662695,45.2,Medium,
96.66548190436696,54.35528611139886,3.2526179491251916,5.169159439352654,3.3254940575428393,14.696270958820968,4.119580950341019,41.4,Medium,
96.36199770892529,90.6472110964547,92.08478478156869,7.4213042040496076,2.395914032708842,81.11237699334708,8.705269662693842,74.1,High,"Rice, Wheat, Corn, Cotton, Tomatoes, Spinach"
85.300945546736,62.42379959139921,61.665031452073805,4.6169936757804955,0.45973198823826733,63.59547071637285,6.314189212183764,67.9,Medium,
29.444889206958567,11.689804070836407,79.65372909761763,6.4088955915366626,0.3754291392934248,38.81657061269955,5.325040664159818,56.0,Medium,"Corn, Cotton, Tomatoes"
38.50977286019253,93.98321236134751,48.152235151255006,4.968408424077569,3.6385072777463696,67.4130295536063,1.1539464217891737,50.9,Medium,Potatoes
85.11366715168569,62.770805307141785,11.730818896239448,4.054543485897519,2.6768010517523138,25.990497924283286,6.056378893234115,46.3,Medium,
31.692200515627768,33.49056146570861,12.518579220255043,5.085406559197937,3.317147197267022,34.51922084942105,1.1720390568023342,32.2,Low,
16.94927466860925,13.927207266338726,68.55652872289714,8.391431897095242,3.5159156011290693,91.74858431319902,3.3720657556575206,25.2,Low,
55.68012624583501,79.4025189270296,43.030589489946266,7.606917003473454,2.287089408193289,29.05045056714204,1.4284196481433187,53.9,Medium,Cotton
93.6154774160781,62.00727559285135,20.052472670033673,8.31809489944465,2.069785407020165,46.99882681579366,6.920736470243689,61.8,Medium,
69.6029796674973,53.34610919763215,49.15945467414369,6.195343197668631,1.7217096412839608,89.01411373960147,2.062521138361526,49.6,Medium,"Rice, Wheat, Soybeans, Cotton, Potatoes, Carrots, Lettuce, Spinach"
57.0061170089365,89.38925830509577,6.420893707513409,4.493812894048766,1.2677863511644771,70.77213502675275,3.91859373188026,50.0,Medium,
9.717649377076853,78.85972112245308,58.19714019143988,6.465817700381619,1.738383843434847,6.220322616470275,8.956747776187786,46.7,Medium,"Corn, Soybeans, Cotton, Tomatoes, Carrots"
61.500722669916975,15.167487973275119,26.899340443509768,6.044698005519824,3.0955186229206255,14.730304427897034,2.043163833989703,33.4,Low,"Wheat, Lettuce, Spinach"
99.00538501042632,31.172206779554823,79.75591006371882,7.799606872328272,2.4076937240605263,0.7841590771916818,5.078050639587791,50.0,Medium,Cotton
14.008401523652402,24.848913981446575,31.036195892357377,4.441371613529101,3.5700931598193844,63.09217902291634,4.19271661166022,30.5,Low,
51.832965236373674,74.3946292572677,45.52201490818012,6.197085116598002,1.773520057516751,44.767342541041835,0.18124041045729733,61.9,Medium,"Wheat, Soybeans, Cotton, Potatoes, Carrots, Lettuce, Spinach"
87.73730719279554,3.353243473577938,1.1620539908100636,4.675218991122929,2.428358314875016,13.427485090227552,7.927581135728127,31.1,Low,
74.07686177542044,56.98896848713165,7.244688779455888,5.46104167100527,2.525230212367955,95.79341210567705,0.6904590631459973,35.2,Low,"Rice, Potatoes"
69.7015740995268,76.24586857406905,39.24935564066848,7.318106848245098,2.366788649225302,52.96597239456199,4.7425502097695365,64.8,Medium,"Wheat, Cotton, Tomatoes, Spinach"
70.24840839871092,87.67656367617495,47.99388347171235,6.142081582159449,2.8105350923420653,24.189329411288917,5.606782949389499,60.6,Medium,"Wheat, Soybeans, Cotton, Tomatoes, Carrots, Lettuce, Spinach"
35.94911512197552,34.20817487159075,60.00205481193037,5.691497283155962,0.9497338734992251,50.06035711547076,6.284264566145871,59.2,Medium,"Corn, Cotton, Tomatoes, Potatoes, Carrots"
29.359184426449335,82.12573046720128,29.166257870930323,5.775143253565159,2.0494551101831626,67.96203327351078,6.886316293078756,52.0,Medium,"Rice, Cotton, Tomatoes, Potatoes, Carrots"
80.93611554785136,11.063173695520723,69.49818861265426,6.067510457826939,0.4168992112333907,7.623921797356448,2.532723835227151,49.3,Medium,"Wheat, Corn, Cotton, Lettuce, Spinach"
81.01133946791808,84.64522917345182,86.01223971892045,7.5325744472667555,1.5380453105792502,27.4703815047892,0.09978776658449373,69.5,Medium,Cotton
86.70723185801037,12.748866233198243,77.98509888933498,8.014381100231056,1.9506682744850576,80.69654908839937,7.2344366235491195,52.4,Medium,
91.32405525564712,39.72872905603673,3.9618825348357145,8.299006089267678,2.60889703818189,45.966487040266124,5.356565993475786,51.1,Medium,
51.13423988609378,79.72953657795536,48.0506947257829,7.541065238148828,3.802124210344814,54.65771420322949,8.361177032072488,60.4,Medium,
50.15162946871996,14.991742734877377,10.493017841817487,5.419331030866058,2.4026042661934235,43.28160022094693,8.213883629006943,42.1,Medium,Potatoes
79.82951789667752,22.92513952326415,24.204501586252746,7.0966061773894396,2.974375664706239,4.389994264300512,8.433261677878832,37.1,Low,"Wheat, Cotton, Tomatoes, Spinach"
64.99639307777652,72.22525683930662,98.66625932671465,5.969214058249264,2.025064237980811,16.574977982015593,4.850946599795401,64.6,Medium,"Corn, Cotton, Tomatoes, Carrots"
70.19668772577033,72.00365365460743,14.249554290151323,5.146017799207231,2.5364161255053252,44.554163874189086,3.3362839583686563,55.3,Medium,Potatoes
79.57926694361011,64.11476328852973,49.888815345135605,7.783922107416652,0.2837288645350937,20.918546540792782,7.9155820259137,61.5,Medium,Cotton
89.00053418175663,69.39484444671,61.81557343181191,4.172918570330462,1.017566323367388,4.997902865967873,4.51294113029255,53.8,Medium,
33.79951568515358,54.27244433475962,70.2464970544104,8.057928964609406,1.4474123728205548,84.36496640518237,1.834421964034345,45.4,Medium,
37.5582952639944,25.179905890695274,55.96486834869141,6.0766485908113035,1.8899734200260543,98.11925291641158,8.549740195614744,37.6,Low,"Rice, Corn, Cotton, Tomatoes, Potatoes, Lettuce"
9.3981939840869,34.56959935039195,0.9770847419183659,6.867406645637262,0.18259498200953495,79.31428739967394,8.825598767723474,34.9,Low,"Rice, Cotton, Tomatoes, Carrots"
57.8280140996174,18.159771680142565,32.64613082439919,6.967092649926022,0.5600963902132707,85.3784921704667,4.663097561401701,42.0,Medium,"Rice, Wheat, Cotton, Tomatoes, Lettuce, Spinach"
3.5942273796742086,90.84505613336283,51.771164338471145,8.028029833179414,1.1072572311652231,24.197713031704538,0.7569972730978747,46.8,Medium,
46.55980181324602,58.339179476612046,8.786649914483336,6.865013569752433,3.8861307636042026,96.06269755131997,3.8782608991693124,30.3,Low,"Rice, Wheat, Soybeans, Tomatoes, Carrots, Lettuce"
54.26446347075766,40.08514167636399,35.06269312091808,6.762701131420278,1.325388028412203,19.692570445342838,8.035376594626033,48.6,Medium,"Wheat, Soybeans, Cotton, Tomatoes, Carrots, Lettuce, Spinach"
28.65412521282844,46.20058036441327,3.3203108791366565,4.2999341825231046,1.9281642324483301,95.14298103618323,9.017740285462287,25.5,Low,
59.08332605690107,94.72833396118153,7.857849715502074,6.332836098753418,0.7843908509535717,99.4819293965951,2.0347274249759586,46.0,Medium,"Rice, Wheat, Soybeans, Cotton, Potatoes, Carrots, Lettuce, Spinach"
3.050024993904943,15.33514031160802,39.69232762015961,4.675760503676687,2.443120284303073,71.17228057460487,0.6697361202527152,26.6,Low,
3.7348188749214417,58.62298320167972,13.271575404306034,7.318451959246685,1.1227328620638972,98.1143731791822,8.773504531328387,29.8,Low,"Rice, Cotton, Tomatoes"
82.26005606596583,50.5888678884466,56.75408482615582,6.304998643657035,0.8279703137537071,56.95397795671037,3.894049389788753,69.4,Medium,"Wheat, Corn, Soybeans, Cotton, Tomatoes, Potatoes, Carrots, Lettuce, Spinach"
36.019064141126286,61.14542354346478,68.94649691372658,7.06102500643759,2.0662905137839163,25.954178317609035,5.417609642675632,54.4,Medium,"Corn, Cotton, Tomatoes"
12.706051265188478,1.8110183820840509,80.05866991090829,4.1875280527107295,0.022023196641683285,43.699588566562085,9.680658120507589,49.1,Medium,
52.224326005480435,87.21239089441515,20.01502442448101,4.381564072206115,0.03065613059690131,59.35609353787859,0.6656472791422285,57.0,Medium,
76.99935530986109,93.21182824836124,16.748258225906977,7.22345524628207,0.8762752364074311,7.308156202701499,6.483180074520956,54.2,Medium,"Wheat, Cotton, Tomatoes, Spinach"
21.582102749684317,56.51331835892089,10.456784033440025,4.32437951199403,0.14688545000328457,62.234326461724606,0.7410542257486707,41.1,Medium,
62.28904758190003,69.66508238768922,63.64302495436367,4.320655274943664,0.4321030165227655,98.11778367622945,3.7546892846650035,49.1,Medium,
8.5347464993768,92.24993811772957,70.64757264869012,4.0544881385569935,1.3554425973550064,19.010764978372762,8.038145451934467,50.1,Medium,
5.16817211686077,70.72386343133986,3.1586144825642037,8.30425629234766,3.2103427183192514,79.25951162883833,4.334722327556344,27.6,Low,
53.1354631568148,15.253904291426135,93.62122462436898,7.3187876175655315,2.2881945734772033,90.78987937796194,9.971823539029504,47.8,Medium,"Rice, Wheat, Corn, Cotton, Tomatoes, Spinach"
54.06351216101065,57.62883601668132,5.1971283651472415,5.589631338259289,2.0506709038256656,94.37015928202209,5.590592849466022,35.5,Low,"Rice, Cotton, Tomatoes, Potatoes, Carrots"
63.742990149820656,60.67150463828559,54.12963353010704,5.334410115794449,1.1739552928324866,96.01356044054472,3.2116215263595347,47.5,Medium,"Rice, Potatoes"
72.60913337226616,42.4130671302386,70.90605194509165,5.5736645338563235,3.7270148777312655,52.14596387214719,2.2011132590475313,60.3,Medium,"Corn, Potatoes, Carrots"
97.58520794625346,73.64442356247228,87.09691237460856,7.485940890315318,1.5880601649487667,97.73079079915037,3.5052053428616183,62.5,Medium,"Rice, Wheat, Corn, Cotton, Tomatoes, Spinach"
51.630034830119534,93.43670147690149,71.40869321324278,6.976167749816865,0.34837106718308597,75.73102071344388,3.725332737595508,67.6,Medium,"Rice, Wheat, Corn, Soybeans, Cotton, Tomatoes, Carrots, Lettuce, Spinach"
32.2956472941246,92.55685129067763,80.17280830697918,4.833380055403605,2.468266064471205,16.16714362369619,0.6871367772396098,51.6,Medium,
79.51861947687037,45.08393714041321,33.94501925428061,4.783492009003379,0.45535357390640563,47.690010646797,3.6957419942677316,61.3,Medium,
27.083225126207424,11.323804584075525,81.48251137465122,4.442780423710288,1.3808925712067683,71.8331175372004,4.642385197392249,42.8,Medium,
43.89714207056361,98.48411989623345,8.011484638467515,6.971362238656022,2.0296477548712355,24.734031581908333,7.227377522388046,52.0,Medium,"Wheat, Soybeans, Cotton, Tomatoes, Carrots, Lettuce"
7.845638134226595,83.88980864459342,89.48166560605276,7.439676979997811,3.4968900987407032,64.06151835488873,6.56729484721608,57.2,Medium,"Rice, Corn, Tomatoes"
2.535074341545751,12.466268120326685,54.75923761537362,5.192708927462518,1.9741863213604747,66.66004790466192,7.087656552291542,36.7,Low,"Rice, Potatoes"
96.26484146779251,92.08418826173724,81.72977699624937,4.094252324639108,2.809035064126657,16.26997438085659,0.08363681876857099,61.4,Medium,
83.59801205122058,86.98963620621282,45.23182845183001,4.369772503643923,3.9712673559962814,56.50853124527563,2.1766739958053605,60.3,Medium,
69.59742060936979,51.88380571260721,64.35776951965249,8.355370156802637,0.5259564795919265,77.16269109786077,6.616842883998565,57.7,Medium,
40.89529444142699,59.127543574492925,52.640266093611324,5.329501498648391,1.098926102078078,49.88956645359419,4.839893681797472,61.6,Medium,Potatoes
17.329432007084577,39.90027038701302,73.15895217553319,7.461504165271601,1.5783043023905856,1.2103116776107425,0.05313475668345946,34.6,Low,"Corn, Cotton"
15.643704267108605,5.476163882203133,8.162998203058958,6.810986059844187,1.6873127141553255,0.9038469079292177,8.044946424318223,19.8,Low,"Cotton, Tomatoes"
25.024289816459532,33.519724164590095,6.03520839905638,5.718728378438032,1.644084301062183,35.702934397001215,7.728095732903374,39.4,Low,"Cotton, Tomatoes, Carrots"
54.92266647061205,80.28534485980114,24.710323401014644,4.925592679879998,3.6304440102262197,92.6194068431782,5.484191629935626,38.8,Low,Potatoes
71.45959227000624,0.4632023004602859,15.954468011318834,4.546238881717329,2.8561305778674257,22.867677960360876,0.6646332577627212,28.9,Low,
66.01973767177313,33.34991716911442,87.17835665922017,6.7675583561749,2.431620856362815,63.43636888716871,7.665150495325847,63.9,Medium,"Rice, Wheat, Corn, Cotton, Tomatoes, Carrots, Lettuce, Spinach"
27.993389694594285,39.81686935909433,21.92139873580443,7.485852012870046,1.2374908714511283,22.207587069332057,5.8371358773136395,38.5,Low,"Cotton, Tomatoes"
95.48652806631941,53.73956029379229,97.58652558191314,6.897569140935088,3.2951615368851788,32.16699896595486,7.8195997715795915,71.8,High,"Wheat, Corn, Soybeans, Tomatoes, Carrots, Lettuce, Spinach"
73.78969166957685,91.98556164127605,33.68957917711069,6.386359599621212,3.8202420459399558,84.8042089601484,7.517469923958404,54.8,Medium,"Rice, Wheat, Soybeans, Tomatoes, Potatoes, Carrots, Lettuce, Spinach"
55.43540525114007,34.634599436596126,18.211791568869927,4.188780505442363,3.284793130200906,72.88614422699469,8.03002071957837,36.2,Low,
61.17207462343522,34.69532018962277,78.96985071424791,8.358199499174727,0.006260420765891617,9.539927731321063,5.1800806640462485,50.8,Medium,
41.96000624277899,73.75012481097484,65.87077755008761,7.594213862445585,2.545605480733628,42.87020209864336,1.40324518193515,59.4,Medium,Cotton
24.773098950115745,45.221794088980715,49.8195716453139,5.317699165154341,0.2045415257684029,2.916976364526447,6.711574733796887,39.3,Low,
35.597267865126156,22.460482293998197,55.53635509376312,8.409866482114829,1.0304288813348874,48.0890146603009,6.204737850519706,51.6,Medium,
75.78461104643691,45.24395161326934,71.92017782722638,6.70846715336345,0.23809880139108675,66.24340117010681,7.422531871990872,69.6,Medium,"Rice, Wheat, Corn, Soybeans, Cotton, Tomatoes, Carrots, Lettuce, Spinach"
1.4393488629755868,14.085702037979985,22.845474133129873,6.620901961932609,2.415181811797551,11.850262359815156,1.698810060507353,21.6,Low,Cotton
11.607264050691624,17.63869865062233,99.63339160567419,7.366329307432895,2.746359653970427,28.888493890916568,1.9497519990028922,43.7,Medium,"Corn, Cotton"
4.600264202175275,49.83677727394797,97.4793162146783,7.652964046405619,0.45795055226362047,39.783662550215695,8.904095172193285,61.0,Medium,Cotton
4.072880231897013,41.89254495045479,65.03256863469369,6.954153732991761,1.535355532179918,91.95310246560497,7.499777984520708,38.8,Low,"Rice, Corn, Soybeans, Cotton, Tomatoes, Carrots"
85.54605840110072,91.48459010681,19.954245092914512,4.5764308586479,1.824946035822168,99.32550154229641,9.08228488700323,48.9,Medium,
70.36578593800236,36.23938991166331,68.02282424312914,5.522203776975243,1.4762120870436664,4.491129899561585,7.587153211639207,48.9,Medium,"Corn, Cotton, Tomatoes, Carrots"
47.41738290873252,58.05883502780434,7.219840897917584,8.176376381467223,0.4841000019407722,76.1007923495392,5.971553059903019,43.7,Medium,
9.783416065100148,63.22642879195304,3.0652502205806065,5.010770253297334,1.6757911607499016,37.17240664023432,6.5413273702787365,39.5,Low,
49.16158751168324,1.3094456588333636,25.76828885112137,5.67475160726881,3.0047121912336725,39.245818622948,8.891279239400099,40.2,Medium,Tomatoes
47.34717707805657,66.35373720167107,46.26229567393163,5.944345973248882,0.28403065813302186,75.42649733470228,5.7880675451194055,57.3,Medium,"Rice, Cotton, Tomatoes, Potatoes, Carrots"
17.320186991001517,17.803596686975144,86.82725054083805,5.977322453625035,0.3207200563276138,91.84264321454087,6.323913243283874,43.3,Medium,"Rice, Corn, Cotton, Tomatoes, Potatoes"
43.385164923797305,96.10703174694551,72.7169069766308,6.758228121225365,1.4190851673439369,95.09285945025483,1.5647671600360058,55.8,Medium,"Rice, Wheat, Corn, Soybeans, Cotton, Carrots, Lettuce"
39.85047343973734,14.866272775311295,74.2706521199981,8.243841269851185,3.7669028464757,57.712258603832076,4.739212201161028,45.3,Medium,
61.585009805221645,41.462412372702374,42.54933344480754,5.083117203246273,2.674290586891656,35.71211593005028,7.16397111958099,51.0,Medium,
63.50936508676438,8.534966807864386,34.59349925469629,4.546756193354131,2.714679826690259,78.75490858587793,2.709426983163654,33.4,Low,
4.530400977204452,99.68742518459473,37.10387629846027,4.888617204369718,1.4476799633514599,25.100138326230027,2.022541805245349,45.7,Medium,
37.46126146264712,50.21950103312426,98.76495637360578,7.991162050941712,2.3746431648341537,56.40740288335178,3.1382680822441555,60.8,Medium,Cotton
62.58599157142364,59.53850173200438,4.010919141248248,6.906148656948427,0.040524736110973514,35.85784615248732,2.4150062799283347,54.4,Medium,"Wheat, Soybeans, Cotton, Carrots, Lettuce, Spinach"
50.31362585800877,6.7076477388427485,86.70314961224486,5.28658055157622,2.544384185638169,65.66310737078761,2.1491263703639585,48.5,Medium,"Rice, Potatoes"
85.64898411883223,74.99604703991778,57.86754085723934,7.671761225358777,3.653147790304947,24.03989128935069,4.24850842868087,57.8,Medium,
65.8693631618945,20.990559309558577,43.86154191895905,7.876164983635462,2.4502938733792767,19.159294573482576,9.07838513883534,43.0,Medium,Cotton
16.29344270814297,89.80542894407138,72.52576604151365,7.809314524106251,3.49479437386538,91.8239086675437,5.070596467387183,43.7,Medium,
7.056874740042984,20.513964048200716,48.666894142470284,8.135169401377995,2.8958922218643752,10.18036829495369,1.8792038081532303,22.9,Low,
64.24192782063156,19.068772066366655,87.34232380816606,5.135084590780127,0.482233665614761,50.595790773493164,0.7697166938087407,64.0,Medium,Potatoes
2.6511310541621813,3.654966784809488,90.07018640112585,7.397688679358252,3.609813229143367,22.085278296300892,6.961561451379252,34.6,Low,"Corn, Tomatoes"
58.57755812734633,47.206694510999924,42.17209268734554,6.07242773773363,0.26577537742309953,3.892996332566745,3.827987644363878,46.1,Medium,"Wheat, Soybeans, Cotton, Tomatoes, Carrots, Lettuce, Spinach"
94.02302414249576,56.48411332626164,27.682779723505156,7.788993488005277,2.135869890191055,3.601881829142639,8.218309465853594,47.0,Medium,Cotton
57.5474177875879,6.570863942835237,59.23503285933622,7.27820804722726,0.5685484951738307,17.522177210582733,6.595107686407702,46.1,Medium,"Wheat, Corn, Cotton, Tomatoes, Spinach"
38.816992620652194,77.55276166950105,91.2363345616691,7.494013509248761,0.04682644292361626,86.67703545060003,7.962414505413685,62.7,Medium,"Rice, Corn, Cotton, Tomatoes"
64.32882184423532,45.32888347480276,21.066218900566657,6.952728269564822,1.688137040510556,28.247874397702667,2.7194603941844875,48.1,Medium,"Wheat, Soybeans, Cotton, Carrots, Lettuce, Spinach"
45.825289049151664,52.439026932758004,62.296658356348274,4.798429462613681,1.180162830616625,95.04591705752958,6.9235892246105815,44.4,Medium,
54.56167893159349,44.07627469382282,63.156022009252055,6.452621135036223,1.944001975190412,58.16222929891936,2.640619846937188,60.3,Medium,"Wheat, Corn, Soybeans, Cotton, Potatoes, Carrots, Lettuce, Spinach"
94.14648087765252,40.0763060875326,73.3113022415281,8.431013827860287,2.308799546938203,43.66141897687661,9.390684794502915,67.1,Medium,
38.610263780077425,55.96403313082179,13.15676851272598,8.218246299237034,0.17495628923578943,58.00888346694546,6.363742815333744,50.8,Medium,
96.11905638239142,15.52402459307125,71.58249646820886,4.194281811086553,0.49201318049498255,51.669838522626776,3.245118001753421,64.5,Medium,
90.53506419560637,18.19281304952711,90.9032520665641,4.741666670782467,2.2345695858017014,75.87762537573252,2.6951186229227266,55.1,Medium,
19.579113478929642,86.17856210135173,17.968310887024195,4.592779480545529,1.372669412690633,28.249606597285226,1.909265850716435,42.7,Medium,
6.9361300875165455,94.61154621336327,23.754332492387764,7.26690959493383,2.916693950197792,35.30503916003024,6.946409588937278,47.9,Medium,"Cotton, Tomatoes"
10.077800137742665,37.330931627975296,97.13950940416396,7.680033984356253,2.6091665943677587,89.40943025332507,2.187156129979273,39.0,Low,Cotton
1.8221825651549728,27.074467314355378,18.097695270948975,4.960801148398024,3.3824174519596273,94.64565131504055,5.953032659274891,16.2,Low,Potatoes
9.44429607559284,64.39995432390158,85.4385093369579,6.27633711828323,2.769971306676901,89.25582274864745,2.646350269253573,44.7,Medium,"Rice, Corn, Soybeans, Cotton, Potatoes, Carrots"
68.30067734163569,40.87341710980964,49.227785644803475,7.7831636260504,1.7197243095605925,41.94479939573136,6.619689447938686,58.6,Medium,Cotton
7.118864846022898,2.538635566034486,24.723107440317705,7.297606951448127,2.6918664895777296,78.03655030068816,8.149397285405392,25.3,Low,"Rice, Cotton, Tomatoes"
31.89756302937613,15.615259736619036,87.07499012725114,6.440067424713318,1.101524697021674,47.63357333010988,7.780252431446532,61.8,Medium,"Corn, Cotton, Tomatoes, Potatoes, Lettuce"
84.48753109694546,71.59722288473975,44.53052550026655,6.656564607064478,1.2252539951128507,49.75398521461022,7.608513309307817,75.3,High,"Wheat, Soybeans, Cotton, Tomatoes, Carrots, Lettuce, Spinach"
2.3271935735825866,65.89239419101514,51.48173539296902,6.287622461123259,3.1559406396831733,20.468010905728395,1.8772240569225207,39.3,Low,"Corn, Soybeans, Carrots"
81.44684825889358,2.709599250348349,35.92333693997657,5.3389680309346925,1.7856780656063287,59.113030325851646,0.8838494698451871,47.8,Medium,Potatoes
28.185477477339994,22.197216193294945,59.29508514349274,6.5425989678655725,3.19352136207341,18.613589775334795,6.989488284873856,39.6,Low,"Corn, Tomatoes"
11.816482762165625,23.10747965880714,16.352387258502276,7.099983859225408,3.2896894946731137,33.15646990671938,3.683472137943513,30.1,Low,Tomatoes
69.67371653641507,67.18927435987284,39.10815366517607,7.929953121373634,3.430249350645135,85.50302016199352,4.3234622640334734,45.2,Medium,
62.8942846779884,1.9710537754364155,96.94123223352875,6.863311092906616,3.6665409433648293,20.707580921085523,0.31149092793391064,45.5,Medium,"Wheat, Corn, Lettuce, Spinach"
87.74720135270529,10.410858198457385,25.813343270112753,7.42504691669421,1.723940882053185,7.115828517343282,2.595764492750492,36.8,Low,"Wheat, Cotton, Spinach"
73.50710438038858,79.99160853731894,65.67366645412922,4.720322357295578,1.2754672732845553,6.90075926128163,0.3367640387446402,53.3,Medium,
80.34809303848486,17.85446620543336,32.51900642246949,6.077008634889054,2.3287949863764554,94.07845205031079,8.791857726012477,40.8,Medium,"Rice, Wheat, Cotton, Tomatoes, Potatoes, Lettuce, Spinach"
28.203457257130648,65.27461078518748,77.34731256866006,4.04199228922192,1.4846896937505103,50.69204379618346,2.4339668321853045,58.9,Medium,
17.743954377972283,23.81827810467265,13.087366071834982,5.110054890347303,2.404296667200932,40.941207181701834,5.5733716957300805,34.7,Low,Potatoes
75.06147516408583,9.944139275934516,96.98210450785447,7.269077718008521,2.8223434505752985,81.08785810079185,0.3897932066113041,49.8,Medium,"Rice, Wheat, Corn, Cotton, Spinach"
80.6834739267264,24.317219099945408,45.37895413836392,8.463144781072135,2.7536200739685475,83.5825927910516,6.66847391305658,42.2,Medium,
99.05051420006733,72.22669318556592,23.605046334646396,4.446301448142472,1.4982115480804854,33.21910331156046,3.230273457540939,59.0,Medium,
41.26176769114265,85.56964681062857,7.349674733001265,5.806724421375797,0.6674408067950113,69.36180574737952,8.979191869576658,54.7,Medium,"Rice, Cotton, Tomatoes, Potatoes, Carrots"
37.201808579278314,83.02198645669915,16.975790508754073,7.6003193591462175,1.7221173538488301,77.11228158518865,8.881181889340358,48.3,Medium,Cotton
77.64129607419969,39.71835296184548,51.977394855601766,4.918160355830045,0.5703765763276349,65.46506868659546,3.252906183617478,58.1,Medium,Potatoes
34.08035402530179,66.80851365706462,33.70031764312863,6.497882271860288,3.5603881407352334,15.159507480009937,9.009608956904678,43.4,Medium,"Soybeans, Tomatoes, Carrots, Lettuce"
93.07573256035647,20.498429541582098,82.88833658826094,7.298820832133536,1.3835098429514296,87.5883083517057,9.961576734987789,58.4,Medium,"Rice, Wheat, Corn, Cotton, Tomatoes, Spinach"
85.84127518430118,29.314773026101328,43.08875236618059,6.7719345261708055,0.6178389888932951,53.90945527360087,8.254156641239481,66.9,Medium,"Wheat, Cotton, Tomatoes, Lettuce, Spinach"
42.89940273750184,89.63358185211197,24.871427258762992,4.846111305769373,0.10179103962300351,28.24724263700037,8.448713477552289,56.7,Medium,
75.08710677914974,1.3001923510736035,61.714498660403,5.599230559085827,2.583289545145937,42.52281854376939,2.4900873610908993,51.6,Medium,"Corn, Cotton, Potatoes"
75.45428740846823,8.550853085446807,70.67772168854458,7.527063030184287,2.547609269818973,3.757109039890738,5.767023988577563,40.8,Medium,Cotton
10.31238688359326,20.78862551460273,16.704190790094987,6.494019313594075,1.3624166663251667,12.786680122241755,0.6725591396736785,26.3,Low,Cotton
90.25529066795667,2.6532203873819715,16.761921628831765,4.023533260943108,0.286847555390604,76.55467505158609,0.9491793682166971,38.6,Low,
50.525237244785714,18.143543508979732,3.667142693354297,7.424458420126422,1.638515579580928,0.0011634755366141114,9.988926120332906,27.4,Low,"Wheat, Cotton, Tomatoes, Spinach"
82.64574661077417,58.304156096969216,73.64020150656405,4.158901097231076,1.2448699802535743,41.65658284822922,3.2663924942591094,66.1,Medium,
32.00496010306117,42.1424550592498,66.38045276218051,7.355802022290545,2.7084825589400374,52.251018108558846,7.481839120488464,56.5,Medium,"Corn, Cotton, Tomatoes"
89.55232284962005,89.26717110769748,47.46308757498139,4.911162520743568,2.4231169978107614,5.4634420000972295,8.066650530268165,55.7,Medium,
38.92016787341631,81.7443561738441,84.41704489691972,8.31133066053721,1.45837491279016,97.30781629723329,8.580232710072291,52.3,Medium,
1.083765148029836,34.1817351697876,80.56701529500532,5.65573338085938,0.8715702170199604,22.612533124967193,9.976282974021565,47.3,Medium,"Corn, Cotton, Tomatoes, Carrots"
90.53819764192636,25.94234334312925,58.535436439675216,5.471192273521356,3.9521438646223674,30.419871963628086,2.414964852568678,50.4,Medium,
9.128667678613356,37.96924081672669,86.82712805132586,4.669996226496001,1.8160064847844595,30.39425122550273,0.40350826859699707,44.0,Medium,
31.93136375904149,59.02949425148078,20.584121003676824,5.375218969705967,2.753096943120948,23.04166621173499,4.11191517994586,38.2,Low,
95.0061967050805,26.806364082287626,11.191961939772789,7.944928428226902,0.5622118703134431,0.1473822086311416,1.3008066982894695,36.5,Low,Cotton
95.06071469375561,62.4148907849134,26.974961151698963,8.483504519322613,1.9423587986375912,72.93447940879963,0.22425889162055124,52.0,Medium,
57.34378881232861,40.941165219124045,5.708685608931486,5.6573928872808175,0.11014687947786195,96.68454997992853,3.604268271414861,36.0,Low,"Rice, Cotton, Tomatoes, Potatoes, Carrots"
63.183721216979926,55.204718085198024,53.1169528001032,6.018747839295441,2.0218204716418,22.429348328504506,7.837382510752365,55.7,Medium,"Wheat, Corn, Soybeans, Cotton, Tomatoes, Carrots, Lettuce, Spinach"
44.84455219783198,43.61265291353167,93.66056922949615,7.249319221912317,3.8560696284708094,66.30471918034225,5.661806912250709,55.8,Medium,"Rice, Wheat, Corn, Tomatoes"
29.321077169806454,29.44657595419177,3.9343540668509647,7.987881012092835,1.536826851943201,74.18963269587151,3.1277798921035407,30.9,Low,Cotton
32.8664545369916,94.84533069621567,12.21099140100268,6.668699503840529,0.15598405029964635,84.84253790905247,6.543420054927197,51.3,Medium,"Rice, Soybeans, Cotton, Tomatoes, Carrots, Lettuce"
67.25184560770384,76.36057941597608,45.21990282834353,5.761865641800232,0.12382316367737412,42.262919701360914,2.320181803088107,68.3,Medium,"Cotton, Potatoes, Carrots"
75.237452943768,14.011317576645254,93.38750175279048,5.856798283818807,1.551947039787478,30.293090564042924,0.14381446072085025,57.9,Medium,"Corn, Cotton"
79.15790437258485,86.84679758979128,31.61561049767505,7.1302816592356315,0.6400997458527762,32.52951340230311,7.643533864364274,67.9,Medium,"Wheat, Cotton, Tomatoes, Spinach"
78.96181427945538,48.743119824951364,50.723480868839246,4.014482186219254,0.09340838531274365,71.26213330985128,6.237430848640091,57.6,Medium,
9.120610304869036,89.45522268940914,4.15728590503921,6.788152018569283,3.0248544558007073,81.6779466505636,7.6230262450096,38.1,Low,"Rice, Soybeans, Tomatoes, Carrots"
49.442030470258146,79.98552559473153,14.834320096208886,5.599718546986108,1.8340920355275627,18.161396775660265,0.3893801668766561,43.9,Medium,"Cotton, Carrots"
5.755876001664428,42.52135044692334,98.66301229588468,7.573887990746879,1.156979087890618,37.09410081577652,8.371196278306522,57.2,Medium,Cotton
54.95288823237355,2.24693083201174,96.51186964360456,4.4184578792040945,3.600332732065923,90.19401967491501,6.195262000363034,37.4,Low,
44.1530501373377,26.867735938494608,0.49399809344096157,6.646910201267757,0.46455584080210244,80.66935196947392,5.633953507126401,38.1,Low,"Rice, Wheat, Cotton, Tomatoes, Lettuce"
88.77041827582998,54.16342146608669,95.18117854232389,6.164378004487556,3.823675315821277,98.48584027624759,6.246140481145316,55.8,Medium,"Rice, Wheat, Corn, Soybeans, Tomatoes, Potatoes, Carrots, Lettuce, Spinach"
35.09150125520787,63.347821982614725,63.91199378155004,6.890464866573524,1.2558668695094113,75.42482596820807,8.644332468683642,57.2,Medium,"Rice, Corn, Soybeans, Cotton, Tomatoes, Carrots, Lettuce"
11.706701642760587,25.788768543320227,86.79182945200222,4.291841175173357,3.553614689234725,39.319520102792225,5.86936506558907,42.8,Medium,
14.299168205283586,13.935607407282413,45.47398556338591,6.609927043426591,2.411771505917846,59.06378339946377,5.809503798881793,42.4,Medium,"Cotton, Tomatoes"
76.15106317174723,83.4930236799299,51.55960285792502,6.526680645817857,3.30682943896595,66.10142542473203,9.906791570657658,67.4,Medium,"Rice, Wheat, Corn, Soybeans, Tomatoes, Carrots, Lettuce, Spinach"
61.82180633162611,98.44021807035521,48.88465802569202,6.522970424872769,3.936052652841857,7.845581631712395,7.56730167068568,53.8,Medium,"Wheat, Soybeans, Tomatoes, Carrots, Lettuce, Spinach"
10.112267612279025,52.56901823026858,66.68642575461044,6.715694499684046,1.153621751274983,54.44969591038651,4.422938054511353,57.6,Medium,"Corn, Soybeans, Cotton, Tomatoes, Carrots"
8.410680611499743,17.16792858483035,13.96512547563129,7.0441057175186295,3.844541941630372,70.93208284726096,7.073970000329277,26.5,Low,"Rice, Tomatoes"
70.096913145912,27.230732651936897,2.9973589872677953,7.622450498563464,1.5579275796096814,16.732130400106037,3.892304716917885,36.3,Low,Cotton
7.276300636419353,1.8390676547466733,30.79299415911909,5.214193240576964,1.5420476189476893,78.06317174255571,2.28875462483499,24.9,Low,"Rice, Potatoes"
82.18600592903562,91.4298806560499,70.46807627366466,7.712722345810279,1.3615484170180228,58.37727805141116,5.968518768877594,76.5,High,Cotton
70.62422271564962,11.775108289014113,20.185345212294838,6.242150570185541,2.165630429390341,95.22217856975946,9.281820981139514,35.8,Low,"Rice, Wheat, Cotton, Tomatoes, Potatoes, Lettuce, Spinach"
8.134878064189976,57.651647551425356,67.34324333249174,4.3467622561044905,0.6165801727139484,4.24222982068917,9.291395200154627,39.8,Low,
8.483771408519193,27.4055220687206,96.99120461072704,4.263479181597907,2.2148459414320447,26.5326137555467,3.419052781054903,41.5,Medium,
98.66395785011754,55.417800251579344,9.39007157894184,5.504072434132274,2.166819249640016,60.15538792998241,5.276774662216949,57.9,Medium,"Rice, Cotton, Tomatoes, Potatoes, Carrots"
37.427079575612034,65.14203883518643,67.26021182251263,7.532036397001604,3.04760725041948,29.65599122059307,2.116358985698612,51.1,Medium,
37.06421470668909,82.97418037072016,44.375021930457116,7.184564206334121,3.3345998477503422,71.44241640712423,9.956311094988834,53.8,Medium,"Rice, Tomatoes"
81.27995672575025,20.64212717606032,86.81422543775054,7.54876734102583,1.7617654012496962,75.9005282521931,9.811179078679357,59.8,Medium,Cotton
94.72485773838586,1.0995828658480478,17.71497894473859,6.327710753987242,1.209332997405975,10.251596406647446,6.495089297074474,41.5,Medium,"Wheat, Cotton, Tomatoes, Lettuce, Spinach"
98.6001063822871,13.688563006880727,69.26259522261645,5.980895490799707,1.0373395892683779,51.38544642067677,8.044140596774733,70.7,High,"Corn, Cotton, Tomatoes, Potatoes"
75.33781852589416,90.00186418481051,83.81152896481102,4.663536370178278,0.7784953468194877,50.889055559105586,7.151001612837,80.7,High,
37.62595855309158,87.38900775625153,94.46142194740233,5.4768673912419015,0.23059032879609953,36.92807702155411,5.931582190394682,73.0,High,
8.350071669866876,59.74131021703083,68.32480282896458,5.953087147782439,1.3697919153388534,93.29248625696721,0.533479969888977,40.0,Medium,"Rice, Corn, Cotton, Potatoes, Carrots"
77.71469159274368,60.051686043365336,49.71747640084273,4.398701933558278,1.080990768523133,82.75063198732212,4.54764342552661,52.7,Medium,
55.840424973580504,66.50366745462554,61.78472402012139,4.992753787200451,3.8656695434656294,69.72093819096368,6.747863021674105,53.1,Medium,Potatoes
42.42220092469763,17.53712786234496,86.89049844787182,6.692013823286825,2.2308353050001757,71.43266357349975,6.775316138836846,52.9,Medium,"Rice, Wheat, Corn, Cotton, Tomatoes, Lettuce"
90.6354385094736,91.44119459249598,57.060974663882966,7.310484014076354,1.3891081561220302,46.17161438131191,3.7312261842238357,77.3,High,"Wheat, Corn, Cotton, Tomatoes, Spinach"
11.119748230615134,41.87705248920731,3.038705969683686,8.492563801268274,2.321870403974784,92.09945210965759,9.416919866580306,22.1,Low,
49.262510429085914,38.31385282494975,93.09486955069778,8.19900999104601,0.556786805382782,69.45954272532853,1.67357032236781,57.7,Medium,
1.1353644767419069,51.89177052828376,68.95267510315611,6.891543397908362,1.7761749968088116,72.89810616558164,5.003594462155606,46.9,Medium,"Rice, Corn, Soybeans, Cotton, Tomatoes, Carrots"
46.86606419941263,4.696596677505505,67.65133857772466,5.895616239823324,2.5049372856842553,86.16909037873452,6.908839765508228,39.6,Low,"Rice, Corn, Cotton, Tomatoes, Potatoes"
5.630327568183735,16.628336875607943,21.567515239771716,6.862798141187048,1.9555913271698055,27.4071589342191,6.971358058918092,32.0,Low,"Cotton, Tomatoes"
11.881791626807193,73.80336164263704,65.88854702326572,7.535432281361044,1.607115202617297,80.7070903866703,6.486389567688155,49.0,Medium,Cotton
11.752624677710488,8.279866792512646,39.386440565415846,4.532512859155243,3.9753935555987927,19.524060295649203,2.7528821345186016,20.0,Low,
64.92103021160635,60.31521094663882,65.12329770414921,5.8445720036332975,3.521259048595708,34.53419522448878,1.5620656868662197,56.8,Medium,"Corn, Carrots"
74.60448792654233,24.534910968132095,10.659303030799073,7.779110285360277,2.4936238326377604,33.56104542698427,6.3594032682671084,43.4,Medium,Cotton
58.336876509715964,38.929561404197656,65.7845304603036,5.727248283698698,2.277509444729131,97.85254683891405,5.993021161394378,43.4,Medium,"Rice, Corn, Cotton, Tomatoes, Potatoes, Carrots"
96.21725484745419,28.869373677069987,99.94137257706666,6.573425220522339,2.482641919298336,85.65372237479268,1.7935601028924097,60.3,Medium,"Rice, Wheat, Corn, Cotton, Lettuce, Spinach"
37.48705795237041,35.567271646494916,4.821203886055603,6.644962123879893,0.805248431289733,70.11698615902597,7.051391455705634,43.4,Medium,"Rice, Cotton, Tomatoes, Carrots, Lettuce"
28.571208628186074,71.90459051842456,97.71741842213173,4.830143139101377,1.5805509730572744,72.70567616153902,4.551719917336564,58.8,Medium,Potatoes
86.85991281894603,29.7121715623175,40.690796072287064,5.630059487435298,0.15783813156359727,56.20727944025711,6.6776059160315295,64.3,Medium,"Cotton, Tomatoes, Potatoes"
22.359583851945263,56.64046402968972,87.07534503372591,5.505300799338695,1.9021841499473067,94.70906671085191,8.373670797701507,46.7,Medium,"Rice, Corn, Cotton, Tomatoes, Potatoes, Carrots"
96.32225394406113,47.60504021990997,78.23854840582734,4.1178851883942915,2.1720983358306527,49.62587528823615,1.6972842857692316,67.6,Medium,
1.2154474689816341,66.36711653626482,56.70162609866678,4.108862937511098,0.9109989444128384,38.05177098698945,0.1914486799683668,45.6,Medium,
96.98788267076391,93.6829739324758,73.84492092513266,7.7426366965409805,3.856115388662055,16.3035336931591,7.791025863957868,65.0,Medium,
4.315991195057611,73.25720972102503,87.8515561301348,5.228818644877656,3.637818443748968,78.6205652261058,6.096974251526159,46.6,Medium,"Rice, Potatoes"
89.11431136980711,21.494037859075675,40.4140321651033,6.33135444807467,2.8885729418236235,73.44439320755914,6.996395696221217,51.6,Medium,"Rice, Wheat, Cotton, Tomatoes, Potatoes, Lettuce, Spinach"
52.77011090862999,3.1183135061284672,32.70331615632387,5.344265081149478,2.1335465150614503,38.43550385241349,8.381549749886425,43.3,Medium,
99.29647961193004,26.22640442998251,66.75933855635847,8.233056603019033,3.47987663859074,2.519341395922936,8.028109348245005,44.6,Medium,
7.379656473539886,59.507793070025485,80.78459419412586,5.166835414895981,0.5226093752938517,83.89973277180107,9.609201469288246,50.4,Medium,"Rice, Potatoes"
55.38542844013208,5.1425813484250344,76.22851347766158,5.933455657325208,3.16203917709954,1.1417983454073632,5.359350788521182,35.8,Low,"Corn, Tomatoes"
96.9302535619099,49.636624720123635,79.78136488586345,7.927286127180708,0.4992832558673932,70.3699779629051,4.884956326599053,69.1,Medium,Cotton
52.30978441701488,59.68428489168892,43.5583314812933,7.788701050563139,3.1768426501976217,97.02571097260571,4.018871998907301,37.4,Low,
62.93986381352625,33.424389081696084,81.78342161750216,4.837456380308248,1.1030702730054278,43.766132814820345,1.5369104284420454,61.1,Medium,Potatoes
69.57486889846172,77.09122037458219,12.020905537060845,7.611894894080697,3.5083623240727557,23.497340499595275,5.726072328820225,46.8,Medium,
45.454106476777326,10.65982531337718,54.448909796084955,6.061840990320517,3.7761683753015913,70.48710100433817,2.7701252432597876,39.4,Low,"Rice, Wheat, Corn, Potatoes, Lettuce"
62.75580800840635,7.513778173580876,0.575866049812157,6.173359924384099,0.5951838776204625,81.71281420155852,9.213075122129755,38.5,Low,"Rice, Wheat, Cotton, Tomatoes, Potatoes, Lettuce, Spinach"
58.43143119231002,72.81887562036033,32.45858299002703,4.600659875871747,1.850702420261574,54.64303160778473,5.8319080427709755,58.4,Medium,
90.11580104909889,49.549131620619846,36.646153487139784,4.362706811907061,3.9239495126507404,96.70352752561462,5.928401805081101,38.3,Low,
4.5446380341457875,68.84023964277361,39.61726916092554,7.275726881381943,1.9336297438925865,5.166872165796111,3.5492466087701002,34.1,Low,"Cotton, Tomatoes"
28.096318959223034,43.48273386037462,69.54672066898621,6.234075185598849,3.4541900900581806,50.479559830452814,0.5198935197770749,53.7,Medium,"Corn, Soybeans, Potatoes, Carrots"
95.04114840765587,24.640203323910683,38.85581012703457,5.965828161768308,2.3549260885252794,71.845394732255,0.3174376537298862,50.6,Medium,"Rice, Cotton, Potatoes"
89.02637838909163,81.91023176741997,44.86936226225306,7.282787028935785,1.5013196316784074,86.2640471149179,4.233351441531975,59.7,Medium,"Rice, Wheat, Cotton, Tomatoes, Spinach"
45.56567527857129,79.94158789689793,23.754413087432745,7.444808045459994,1.1431342221034808,17.925561190779003,0.8456537809723785,46.7,Medium,"Wheat, Cotton"
62.013259780153675,69.46964708544267,37.325179162934006,4.715086754512091,0.8128923643443491,80.00034817636814,6.068469555401391,52.4,Medium,
27.738118298113267,27.21451372299627,22.726962726315147,6.746013172649386,3.047192765510789,55.27070757185453,8.809730056396575,44.3,Medium,Tomatoes
18.81211597237613,59.023066686908706,7.319592376844364,4.609093370249585,1.5461620272921115,39.65536819899632,8.829148165187222,42.6,Medium,
46.36984049399822,36.09738969400268,60.34485933813779,7.3811878871307055,2.0451018488030046,13.171502857909356,6.590454101322324,44.3,Medium,"Wheat, Corn, Cotton, Tomatoes"
35.33522280260528,9.158207332663416,66.82127985550163,6.956298203202127,1.9693019200047277,86.52957589089124,2.1123183147293103,37.3,Low,"Rice, Corn, Cotton, Lettuce"
58.365611185087204,91.73135754622427,61.94903460096145,8.30476579487556,2.309116116932525,15.727320817971535,8.629968313588721,56.8,Medium,
7.773463696498483,13.68186309189614,46.34940438005724,4.310311073603895,3.462308582498209,30.978785920909925,8.860934353132082,29.9,Low,
97.43948076661665,95.02373538208025,37.978578017922985,4.256746245180644,3.9229573743337176,29.004553196243688,1.966535849529587,57.2,Medium,
98.62107444796028,44.600577295795574,86.33336495718252,5.269841836119401,1.6303368342952678,87.14140341908544,7.374260857706773,62.1,Medium,"Rice, Potatoes"
